Addison Gilbert Hospital,Essex - 01930,0,0
Anna Jaques Hospital,Essex - 01950,24,3
Athol Memorial Hospital,Worcester - 01331,0,0
Baystate Franklin Medical Center,Franklin - 01301,2,0
Baystate Medical Center,Hampden - 01199,82,13
Baystate Noble Hospital,Hampden - 01085,2,0
Wing Memorial Hospital,Hampden - 01069,4,0
Berkshire Medical Center,Berkshire - 01201,3,1
Beth Israel Deaconess Hospital - Milton,Norfolk - 02186,12,2
Beth Israel Deaconess Hospital - Needham,Norfolk - 02492,18,2
Beth Israel Deaconess Hospital - Plymouth,Plymouth - 02360,76,11
Beth Israel Deaconess Medical Center,Suffolk - 02215,166,65
Beverly Hospital,Essex - 01915,45,7
Boston Childrens Hospital,Suffolk - 02115,10,2
Boston Medical Center,Suffolk - 02118,115,30
Brigham and Womens - Faulkner,Suffolk - 02130,45,2
Brigham and Womens Hospital,Suffolk - 02115,119,49
Brockton Hospital,Plymouth - 02302,40,11
Cambridge Hospital,Middlesex - 02139,50,11
Cape Cod Hospital,Barnstable - 02601,16,7
Carney Hospital,Suffolk - 02124,48,12
Clinton Hospital,Worcester- 01510,1,0
Cooley Dickinson Hospital,Hampshire - 01060,23,2
Dana Farber Cancer Institute,Suffolk - 02215,0,0
Emerson Hospital,Middlesex - 01742,31,2
Fairview Hospital,Berkshire - 01230,0,0
Falmouth Hospital,Barnstable - 02540,4,2
Good Samaritan Medical Center,Plymouth - 02301,51,7
Harrington Hospital,Worcester - 01550,4,1
Health Alliance-Leominster,Worcester - 01453,29,6
Heywood Hospital,Worcester - 01440,7,2
Holy Family Hospital,Essex - 01844,43,14
Holyoke Hospital,Hampden - 01040,10,3
Lahey Hospital Burlington,Middlesex - 01805,79,32
Lahey Hospital Peabody,Essex - 01960,0,0
Lawrence General Hospital,Essex - 01841,60,13
Lowell General Hospital,Middlesex - 01854,67,22
Marlborough Hospital,Middlesex - 01752,24,8
Marthas Vineyard Hospital,Dukes - 02557,0,0
Massachusetts Eye and Ear Infirmary,Suffolk - 02114,9,0
Massachusetts General Hospital,Suffolk - 02114,247,87
Melrose Wakefield Hospital,Middlesex - 02176,23,4
Mercy Medical Center,Hampden - 01104,26,9
Merrimack Valley Hospital,Essex - 01830,0,0
MetroWest Medical Center Framingham,Middlesex - 01702,30,12
MetroWest Medical Center Natick,Middlesex - 01760,8,2
Milford Regional Medical Center,Worcester - 01757,29,5
Morton Hospital,Bristol - 02780,38,8
Mount Auburn Hospital,Middlesex - 02138,35,10
Nantucket Cottage Hospital,Nantucket - 02554,0,0
Nashoba Valley Medical Center,Middlesex - 01432,0,0
New England Baptist Hospital,Suffolk - 02120,0,0
Newton-Wellesley Hospital,Middlesex - 02462,63,12
North Shore Medical Center Salem,Essex - 01970,101,20
Norwood Hospital,Norfolk - 02062,26,4
Saint Vincent Hospital,Worcester - 01608,67,11
Saints Memorial Medical Center,Middlesex - 01852,0,0
South Shore Hospital,Norfolk - 02190,65,13
Southcoast Charlton Memorial Hospital,Bristol - 02720,49,13
St Annes Hospital,Bristol - 02721,0,0
St Elizabeths Medical Center,Suffolk - 02135,38,12
St Lukes Hospital,Bristol - 02740,40,12
Sturdy Memorial Hospital,Bristol - 02703,16,3
Tobey Hospital,Plymouth - 02571,8,2
Tufts Medical Center,Suffolk - 02111,72,34
UMass Memorial-Memorial Campus,Worcester - 01605,63,16
UMass Memorial-University Campus,Worcester - 01655,80,39
Winchester Hospital,Middlesex - 01890,29,2
